{"Mean":{"confidence_interval":{"confidence_level":0.95,"lower_bound":4109.296368553623,"upper_bound":4140.958912816417},"point_estimate":4124.969597599645,"standard_error":8.101237989111375},"Median":{"confidence_interval":{"confidence_level":0.95,"lower_bound":4102.7804576376,"upper_bound":4144.159913309339},"point_estimate":4124.384765840221,"standard_error":9.715624032549325},"MedianAbsDev":{"confidence_interval":{"confidence_level":0.95,"lower_bound":68.60295157181814,"upper_bound":106.4394462921402},"point_estimate":94.72674524074976,"standard_error":10.053150900364633},"Slope":{"confidence_interval":{"confidence_level":0.95,"lower_bound":4080.692679911831,"upper_bound":4112.4488559833735},"point_estimate":4096.282027083305,"standard_error":8.09184132223958},"StdDev":{"confidence_interval":{"confidence_level":0.95,"lower_bound":69.19073188794763,"upper_bound":93.35342540034841},"point_estimate":81.3940088524981,"standard_error":6.186848388662898}}