{"Mean":{"confidence_interval":{"confidence_level":0.95,"lower_bound":277543.8295624142,"upper_bound":281605.7233526938},"point_estimate":279346.9752143366,"standard_error":1038.6563650061314},"Median":{"confidence_interval":{"confidence_level":0.95,"lower_bound":276153.2875,"upper_bound":279900.86025641026},"point_estimate":277933.2857142857,"standard_error":1026.3771070963842},"MedianAbsDev":{"confidence_interval":{"confidence_level":0.95,"lower_bound":5093.22318632066,"upper_bound":7551.107989369574},"point_estimate":6704.972178869712,"standard_error":649.4434585067914},"Slope":{"confidence_interval":{"confidence_level":0.95,"lower_bound":275909.8259388767,"upper_bound":278471.6023253714},"point_estimate":277189.9316063248,"standard_error":653.0373523548188},"StdDev":{"confidence_interval":{"confidence_level":0.95,"lower_bound":5625.941440672701,"upper_bound":15473.573386875096},"point_estimate":10430.528248458657,"standard_error":2874.614634667095}}