{"Mean":{"confidence_interval":{"confidence_level":0.95,"lower_bound":5515.720745090121,"upper_bound":5549.726093553146},"point_estimate":5532.954055777764,"standard_error":8.649856774362553},"Median":{"confidence_interval":{"confidence_level":0.95,"lower_bound":5530.154574263484,"upper_bound":5561.947259929613},"point_estimate":5547.464508657264,"standard_error":7.956173628165011},"MedianAbsDev":{"confidence_interval":{"confidence_level":0.95,"lower_bound":49.68914195173828,"upper_bound":89.96112383431291},"point_estimate":64.1455800275172,"standard_error":10.009099663736292},"Slope":{"confidence_interval":{"confidence_level":0.95,"lower_bound":5491.234784351053,"upper_bound":5538.68261246134},"point_estimate":5515.785961676765,"standard_error":12.168552615361337},"StdDev":{"confidence_interval":{"confidence_level":0.95,"lower_bound":72.32833323162437,"upper_bound":100.18489198894652},"point_estimate":87.07037329710391,"standard_error":7.1027353721632345}}