{"Mean":{"confidence_interval":{"confidence_level":0.95,"lower_bound":-0.001727372495837795,"upper_bound":0.01969557701616724},"point_estimate":0.009048796385070723,"standard_error":0.005481660144848413},"Median":{"confidence_interval":{"confidence_level":0.95,"lower_bound":-0.0029318821259711747,"upper_bound":0.019543843729160182},"point_estimate":0.005486556402584775,"standard_error":0.005771529892386343}}