{"Mean":{"confidence_interval":{"confidence_level":0.95,"lower_bound":0.18214605061294978,"upper_bound":0.6264358596660493},"point_estimate":0.38660339897940865,"standard_error":0.11344164594189435},"Median":{"confidence_interval":{"confidence_level":0.95,"lower_bound":0.019534882107154372,"upper_bound":0.7585183469875783},"point_estimate":0.33005853661096984,"standard_error":0.1898576951712366}}