{"Mean":{"confidence_interval":{"confidence_level":0.95,"lower_bound":-0.955646237978953,"upper_bound":-0.9443467929556129},"point_estimate":-0.9506486564521733,"standard_error":0.0028959350992405625},"Median":{"confidence_interval":{"confidence_level":0.95,"lower_bound":-0.9573967572328286,"upper_bound":-0.9383170298123007},"point_estimate":-0.9481638323142563,"standard_error":0.004864501021702354}}