{"Mean":{"confidence_interval":{"confidence_level":0.95,"lower_bound":54009.301322180516,"upper_bound":54491.306373847765},"point_estimate":54253.14749953659,"standard_error":122.81484751062752},"Median":{"confidence_interval":{"confidence_level":0.95,"lower_bound":54054.01939501143,"upper_bound":54594.03597598522},"point_estimate":54224.36036706349,"standard_error":174.32291100395497},"MedianAbsDev":{"confidence_interval":{"confidence_level":0.95,"lower_bound":826.9328212565067,"upper_bound":1394.9780760239314},"point_estimate":1007.7387408975219,"standard_error":145.5569512562638},"Slope":{"confidence_interval":{"confidence_level":0.95,"lower_bound":54096.58623346108,"upper_bound":54574.961903391115},"point_estimate":54337.26422417615,"standard_error":122.35917881748236},"StdDev":{"confidence_interval":{"confidence_level":0.95,"lower_bound":1018.6960663526846,"upper_bound":1442.7365859643437},"point_estimate":1237.3444271638962,"standard_error":108.65643505808602}}