{"Mean":{"confidence_interval":{"confidence_level":0.95,"lower_bound":26858.158814154085,"upper_bound":27042.582368212356},"point_estimate":26950.82982320384,"standard_error":47.12215625327228},"Median":{"confidence_interval":{"confidence_level":0.95,"lower_bound":26906.911710911372,"upper_bound":27106.009355509355},"point_estimate":26954.976109467454,"standard_error":54.296770987881885},"MedianAbsDev":{"confidence_interval":{"confidence_level":0.95,"lower_bound":331.73739772340593,"upper_bound":555.7742249505452},"point_estimate":443.64961522193437,"standard_error":53.224762275509974},"Slope":{"confidence_interval":{"confidence_level":0.95,"lower_bound":26771.034133294143,"upper_bound":26982.44915555462},"point_estimate":26877.45264598561,"standard_error":53.78968041125796},"StdDev":{"confidence_interval":{"confidence_level":0.95,"lower_bound":404.3833359148474,"upper_bound":538.3702739008278},"point_estimate":474.8613615866761,"standard_error":34.200380468374775}}