{"Mean":{"confidence_interval":{"confidence_level":0.95,"lower_bound":54736.2373687979,"upper_bound":55657.44883798196},"point_estimate":55160.88918274734,"standard_error":235.76889845425913},"Median":{"confidence_interval":{"confidence_level":0.95,"lower_bound":54660.428953231305,"upper_bound":55131.51515151515},"point_estimate":54867.79988839285,"standard_error":135.2970904170765},"MedianAbsDev":{"confidence_interval":{"confidence_level":0.95,"lower_bound":858.7188867934663,"upper_bound":1375.151943785019},"point_estimate":1128.6552903262298,"standard_error":137.364421356343},"Slope":{"confidence_interval":{"confidence_level":0.95,"lower_bound":54585.42212186914,"upper_bound":54979.88770176634},"point_estimate":54785.553219193986,"standard_error":100.40272495419315},"StdDev":{"confidence_interval":{"confidence_level":0.95,"lower_bound":1395.6564870936638,"upper_bound":3167.5658064786767},"point_estimate":2369.795169521907,"standard_error":451.3076012390547}}