{"Mean":{"confidence_interval":{"confidence_level":0.95,"lower_bound":-0.00376394406159273,"upper_bound":0.009817361526809856},"point_estimate":0.0028367279804202283,"standard_error":0.0034976132101165558},"Median":{"confidence_interval":{"confidence_level":0.95,"lower_bound":-0.0096598726638627,"upper_bound":0.008257979230146087},"point_estimate":-0.003558204926745634,"standard_error":0.00491848739281317}}