{"Mean":{"confidence_interval":{"confidence_level":0.95,"lower_bound":-0.9795851083933327,"upper_bound":-0.9743971183973417},"point_estimate":-0.9772747489604073,"standard_error":0.0013244992872840642},"Median":{"confidence_interval":{"confidence_level":0.95,"lower_bound":-0.9810577662841797,"upper_bound":-0.9716823026135233},"point_estimate":-0.9773580495156708,"standard_error":0.0024553261078202305}}