{"Mean":{"confidence_interval":{"confidence_level":0.95,"lower_bound":0.198381813447122,"upper_bound":0.6550026518272112},"point_estimate":0.41338535208715066,"standard_error":0.11612958982493138},"Median":{"confidence_interval":{"confidence_level":0.95,"lower_bound":0.05810313667472422,"upper_bound":0.8991916219653444},"point_estimate":0.4277775147509131,"standard_error":0.2163353705442478}}