{"Mean":{"confidence_interval":{"confidence_level":0.95,"lower_bound":0.17566731683059134,"upper_bound":0.1886540517740193},"point_estimate":0.1820332445468722,"standard_error":0.0033064217512144265},"Median":{"confidence_interval":{"confidence_level":0.95,"lower_bound":0.17305362528412993,"upper_bound":0.18982050897712544},"point_estimate":0.1801971801706772,"standard_error":0.004358964960729472}}