{"Mean":{"confidence_interval":{"confidence_level":0.95,"lower_bound":-0.03283631119469182,"upper_bound":-0.023621980487420684},"point_estimate":-0.02817250033982288,"standard_error":0.0023472671871835613},"Median":{"confidence_interval":{"confidence_level":0.95,"lower_bound":-0.0342430613247372,"upper_bound":-0.021796923297410786},"point_estimate":-0.02616500270841038,"standard_error":0.003393384709147091}}