{"Mean":{"confidence_interval":{"confidence_level":0.95,"lower_bound":-0.014909455574011618,"upper_bound":-0.005952164532663133},"point_estimate":-0.010392672186228968,"standard_error":0.002286354833558255},"Median":{"confidence_interval":{"confidence_level":0.95,"lower_bound":-0.014334760517534358,"upper_bound":-0.0023405671861671208},"point_estimate":-0.009528308870912494,"standard_error":0.00333976704136895}}