{"Mean":{"confidence_interval":{"confidence_level":0.95,"lower_bound":718351.5626900085,"upper_bound":726131.7635193886},"point_estimate":722126.3763455754,"standard_error":1984.0319192854531},"Median":{"confidence_interval":{"confidence_level":0.95,"lower_bound":720031.4677419355,"upper_bound":726726.7906976744},"point_estimate":723198.5634920634,"standard_error":1874.3026602533832},"MedianAbsDev":{"confidence_interval":{"confidence_level":0.95,"lower_bound":10104.25727745413,"upper_bound":19417.658498863202},"point_estimate":15907.424207849032,"standard_error":2439.975129746648},"Slope":{"confidence_interval":{"confidence_level":0.95,"lower_bound":715329.7446629533,"upper_bound":722125.3313097592},"point_estimate":718841.1928565096,"standard_error":1734.1171427393213},"StdDev":{"confidence_interval":{"confidence_level":0.95,"lower_bound":14688.767430854417,"upper_bound":25461.888874192846},"point_estimate":20004.323705983243,"standard_error":2805.0545365236944}}