{"Mean":{"confidence_interval":{"confidence_level":0.95,"lower_bound":936946.0565316107,"upper_bound":950338.7392935279},"point_estimate":943308.5813888924,"standard_error":3417.1287021056028},"Median":{"confidence_interval":{"confidence_level":0.95,"lower_bound":934663.8144329897,"upper_bound":947954.3580246913},"point_estimate":941540.7776183644,"standard_error":2904.499377460199},"MedianAbsDev":{"confidence_interval":{"confidence_level":0.95,"lower_bound":20533.460204501294,"upper_bound":34548.20911219328},"point_estimate":29887.371485643056,"standard_error":3648.0895069408402},"Slope":{"confidence_interval":{"confidence_level":0.95,"lower_bound":943805.486241199,"upper_bound":954291.9307507111},"point_estimate":949134.4716802128,"standard_error":2678.874256307989},"StdDev":{"confidence_interval":{"confidence_level":0.95,"lower_bound":24440.61926434884,"upper_bound":45873.81418053522},"point_estimate":34337.56259399188,"standard_error":5904.531474296258}}