{"Mean":{"confidence_interval":{"confidence_level":0.95,"lower_bound":0.007411069259633718,"upper_bound":0.018986892371392915},"point_estimate":0.013163048487613294,"standard_error":0.002961865170029438},"Median":{"confidence_interval":{"confidence_level":0.95,"lower_bound":0.007400020095526205,"upper_bound":0.022869064360582225},"point_estimate":0.014927358607555119,"standard_error":0.004023397059176113}}