{"Mean":{"confidence_interval":{"confidence_level":0.95,"lower_bound":0.0242914889705802,"upper_bound":0.03516691870909544},"point_estimate":0.02969439180925426,"standard_error":0.002778597313223016},"Median":{"confidence_interval":{"confidence_level":0.95,"lower_bound":0.023792335886853477,"upper_bound":0.03774367212462448},"point_estimate":0.031360888097924144,"standard_error":0.0036469127717766547}}