{"Mean":{"confidence_interval":{"confidence_level":0.95,"lower_bound":0.049234181314278855,"upper_bound":0.06308041854754164},"point_estimate":0.05614613277070446,"standard_error":0.003517177642110279},"Median":{"confidence_interval":{"confidence_level":0.95,"lower_bound":0.049897068204878985,"upper_bound":0.06530326971963407},"point_estimate":0.057549673589913475,"standard_error":0.0038555657498937955}}