{"Mean":{"confidence_interval":{"confidence_level":0.95,"lower_bound":924653.6216206342,"upper_bound":936130.4914931182},"point_estimate":930169.2978510413,"standard_error":2921.002599188087},"Median":{"confidence_interval":{"confidence_level":0.95,"lower_bound":925238.1927710844,"upper_bound":935241.3863636364},"point_estimate":931290.7503787879,"standard_error":2200.169282168031},"MedianAbsDev":{"confidence_interval":{"confidence_level":0.95,"lower_bound":14805.51708438255,"upper_bound":27266.114234111537},"point_estimate":20312.24282413636,"standard_error":3317.4609620690876},"Slope":{"confidence_interval":{"confidence_level":0.95,"lower_bound":924500.7518237586,"upper_bound":937389.5229988245},"point_estimate":931068.4135747007,"standard_error":3292.8868686313385},"StdDev":{"confidence_interval":{"confidence_level":0.95,"lower_bound":20987.146686861874,"upper_bound":38530.7690266025},"point_estimate":29365.054155139354,"standard_error":4636.691692292117}}