{"Mean":{"confidence_interval":{"confidence_level":0.95,"lower_bound":-0.0038112830493746363,"upper_bound":0.009777433188748881},"point_estimate":0.0030214102194483505,"standard_error":0.0034585015853050172},"Median":{"confidence_interval":{"confidence_level":0.95,"lower_bound":-0.0018119208305185097,"upper_bound":0.012970967046423018},"point_estimate":0.004147202582867937,"standard_error":0.0038631970000462886}}