{"Mean":{"confidence_interval":{"confidence_level":0.95,"lower_bound":-0.4129747308808319,"upper_bound":-0.4070011331234127},"point_estimate":-0.41001301539672175,"standard_error":0.0015243034309774146},"Median":{"confidence_interval":{"confidence_level":0.95,"lower_bound":-0.41459311752205136,"upper_bound":-0.4078227784374967},"point_estimate":-0.41225436193341825,"standard_error":0.0017522742317288883}}