{"Mean":{"confidence_interval":{"confidence_level":0.95,"lower_bound":-0.00894698499333647,"upper_bound":0.0031531320358365606},"point_estimate":-0.0029258543329792053,"standard_error":0.003071402236246978},"Median":{"confidence_interval":{"confidence_level":0.95,"lower_bound":-0.0028744975392389627,"upper_bound":0.005373848549821494},"point_estimate":0.0013531754125717388,"standard_error":0.0020146699749877496}}