{"Mean":{"confidence_interval":{"confidence_level":0.95,"lower_bound":351674.63481471303,"upper_bound":356085.2976396607},"point_estimate":353841.1904594206,"standard_error":1125.0262518968082},"Median":{"confidence_interval":{"confidence_level":0.95,"lower_bound":350467.11801470583,"upper_bound":356343.31203148427},"point_estimate":354005.0632318501,"standard_error":1546.4347205383265},"MedianAbsDev":{"confidence_interval":{"confidence_level":0.95,"lower_bound":7329.7190814685555,"upper_bound":12977.781925206113},"point_estimate":9885.866604510784,"standard_error":1462.2706189821058},"Slope":{"confidence_interval":{"confidence_level":0.95,"lower_bound":350354.9597946839,"upper_bound":353920.40044366586},"point_estimate":352139.40228313877,"standard_error":911.8632589519984},"StdDev":{"confidence_interval":{"confidence_level":0.95,"lower_bound":9190.222371426167,"upper_bound":13407.96561214536},"point_estimate":11290.442402182496,"standard_error":1086.4435681592086}}