{"Mean":{"confidence_interval":{"confidence_level":0.95,"lower_bound":353522.39129896,"upper_bound":357358.21606714604},"point_estimate":355413.13211659936,"standard_error":978.8188474867663},"Median":{"confidence_interval":{"confidence_level":0.95,"lower_bound":353068.05942118226,"upper_bound":358278.7368421053},"point_estimate":354396.3427419355,"standard_error":1579.4939730185588},"MedianAbsDev":{"confidence_interval":{"confidence_level":0.95,"lower_bound":7443.10259434174,"upper_bound":11581.62759446477},"point_estimate":9379.499080785044,"standard_error":1038.4914946402},"Slope":{"confidence_interval":{"confidence_level":0.95,"lower_bound":351770.8568998573,"upper_bound":355819.2576811774},"point_estimate":353808.6834269248,"standard_error":1031.760646512634},"StdDev":{"confidence_interval":{"confidence_level":0.95,"lower_bound":8034.070713179481,"upper_bound":11520.148449072665},"point_estimate":9821.255995137766,"standard_error":893.3091572827163}}