{"Mean":{"confidence_interval":{"confidence_level":0.95,"lower_bound":3225.1907235318836,"upper_bound":3251.60461541928},"point_estimate":3238.44193436497,"standard_error":6.744359440233043},"Median":{"confidence_interval":{"confidence_level":0.95,"lower_bound":3221.7644414989645,"upper_bound":3257.19023039154},"point_estimate":3240.623580904132,"standard_error":9.848922534182424},"MedianAbsDev":{"confidence_interval":{"confidence_level":0.95,"lower_bound":66.24674871792354,"upper_bound":96.82632599928958},"point_estimate":86.39162241887698,"standard_error":7.725583588304586},"Slope":{"confidence_interval":{"confidence_level":0.95,"lower_bound":3205.916477830814,"upper_bound":3238.833890754968},"point_estimate":3222.4729231748574,"standard_error":8.395900525315636},"StdDev":{"confidence_interval":{"confidence_level":0.95,"lower_bound":60.109309658264415,"upper_bound":74.27089416025152},"point_estimate":67.63039189394449,"standard_error":3.616798394395069}}