{"Mean":{"confidence_interval":{"confidence_level":0.95,"lower_bound":13045.632252887674,"upper_bound":13133.153340702735},"point_estimate":13090.240049126576,"standard_error":22.310094588071554},"Median":{"confidence_interval":{"confidence_level":0.95,"lower_bound":13054.968625718073,"upper_bound":13172.604735318444},"point_estimate":13086.663570061704,"standard_error":38.80895248894538},"MedianAbsDev":{"confidence_interval":{"confidence_level":0.95,"lower_bound":155.2960923994157,"upper_bound":257.80564233125045},"point_estimate":212.0546935639048,"standard_error":28.37673350388428},"Slope":{"confidence_interval":{"confidence_level":0.95,"lower_bound":13047.094058604183,"upper_bound":13135.777236449738},"point_estimate":13091.1196437169,"standard_error":22.572107227502016},"StdDev":{"confidence_interval":{"confidence_level":0.95,"lower_bound":175.847477336173,"upper_bound":271.2433339279968},"point_estimate":223.77291196525758,"standard_error":24.52019497575853}}