{"Mean":{"confidence_interval":{"confidence_level":0.95,"lower_bound":12677.606214080639,"upper_bound":12764.281929047746},"point_estimate":12721.455256894194,"standard_error":22.141712879578527},"Median":{"confidence_interval":{"confidence_level":0.95,"lower_bound":12695.296409998482,"upper_bound":12793.193359375},"point_estimate":12744.250982306985,"standard_error":23.921887729235532},"MedianAbsDev":{"confidence_interval":{"confidence_level":0.95,"lower_bound":161.45067422049328,"upper_bound":263.841317311072},"point_estimate":213.96730865400826,"standard_error":26.117028017293297},"Slope":{"confidence_interval":{"confidence_level":0.95,"lower_bound":12668.863367048756,"upper_bound":12770.52254217715},"point_estimate":12720.24692796845,"standard_error":25.916204483097626},"StdDev":{"confidence_interval":{"confidence_level":0.95,"lower_bound":189.63115755881066,"upper_bound":253.93052291113375},"point_estimate":223.54860401863172,"standard_error":16.352946915806594}}