{"Mean":{"confidence_interval":{"confidence_level":0.95,"lower_bound":8444.948699841365,"upper_bound":8547.81243631524},"point_estimate":8496.18859734591,"standard_error":26.15822608586249},"Median":{"confidence_interval":{"confidence_level":0.95,"lower_bound":8389.24591503268,"upper_bound":8556.356201991106},"point_estimate":8479.366153660761,"standard_error":38.42240945854458},"MedianAbsDev":{"confidence_interval":{"confidence_level":0.95,"lower_bound":236.53435918325061,"upper_bound":357.1861363913271},"point_estimate":319.61561506403467,"standard_error":31.12364381065467},"Slope":{"confidence_interval":{"confidence_level":0.95,"lower_bound":8402.584833836177,"upper_bound":8532.262844531335},"point_estimate":8467.296240347476,"standard_error":33.18925595605412},"StdDev":{"confidence_interval":{"confidence_level":0.95,"lower_bound":231.36406827355458,"upper_bound":290.0460801042775},"point_estimate":262.56222165076485,"standard_error":14.971962452988413}}