{"Mean":{"confidence_interval":{"confidence_level":0.95,"lower_bound":8053.525517877804,"upper_bound":8168.714236505096},"point_estimate":8112.098306745723,"standard_error":29.43123880060835},"Median":{"confidence_interval":{"confidence_level":0.95,"lower_bound":8052.280048076923,"upper_bound":8213.721495285929},"point_estimate":8157.205743927125,"standard_error":39.97722046821232},"MedianAbsDev":{"confidence_interval":{"confidence_level":0.95,"lower_bound":243.8117688500624,"upper_bound":384.2215084548758},"point_estimate":323.6406023503441,"standard_error":34.97768359402217},"Slope":{"confidence_interval":{"confidence_level":0.95,"lower_bound":8056.333536355203,"upper_bound":8208.271494210392},"point_estimate":8132.654460958725,"standard_error":38.76319004965431},"StdDev":{"confidence_interval":{"confidence_level":0.95,"lower_bound":250.39682537874847,"upper_bound":339.74129263439636},"point_estimate":295.5476149246443,"standard_error":22.83278731956906}}