{"Mean":{"confidence_interval":{"confidence_level":0.95,"lower_bound":117789.688756582,"upper_bound":118768.24015698655},"point_estimate":118272.16279633237,"standard_error":250.20142736678574},"Median":{"confidence_interval":{"confidence_level":0.95,"lower_bound":117390.7843137255,"upper_bound":118296.78571428571},"point_estimate":117859.4821969697,"standard_error":233.59821569474238},"MedianAbsDev":{"confidence_interval":{"confidence_level":0.95,"lower_bound":1473.1308734887332,"upper_bound":2811.909406221163},"point_estimate":2074.434227489605,"standard_error":343.43116576922677},"Slope":{"confidence_interval":{"confidence_level":0.95,"lower_bound":117666.01416670604,"upper_bound":118915.72457025001},"point_estimate":118273.06026895226,"standard_error":319.1021441756457},"StdDev":{"confidence_interval":{"confidence_level":0.95,"lower_bound":2129.5028951853214,"upper_bound":2842.8561024668484},"point_estimate":2512.7256814534157,"standard_error":181.6103139916639}}