{"Mean":{"confidence_interval":{"confidence_level":0.95,"lower_bound":310705.63117213006,"upper_bound":312907.5339471116},"point_estimate":311757.1403670458,"standard_error":563.0996331134039},"Median":{"confidence_interval":{"confidence_level":0.95,"lower_bound":309929.3195876289,"upper_bound":312134.4893617021},"point_estimate":310873.8033707865,"standard_error":518.9504284803744},"MedianAbsDev":{"confidence_interval":{"confidence_level":0.95,"lower_bound":3547.6754171000703,"upper_bound":5404.46860219915},"point_estimate":4460.5813240125735,"standard_error":466.7641637771968},"Slope":{"confidence_interval":{"confidence_level":0.95,"lower_bound":308980.0509129978,"upper_bound":310451.3937988037},"point_estimate":309699.3921058076,"standard_error":375.8300423973883},"StdDev":{"confidence_interval":{"confidence_level":0.95,"lower_bound":4082.3149886709894,"upper_bound":7124.200375335973},"point_estimate":5637.70528948378,"standard_error":782.4504938653396}}