{"Mean":{"confidence_interval":{"confidence_level":0.95,"lower_bound":-0.026259801201038126,"upper_bound":-0.013770855080518571},"point_estimate":-0.020036563671756324,"standard_error":0.0031813658712943785},"Median":{"confidence_interval":{"confidence_level":0.95,"lower_bound":-0.03016492947948446,"upper_bound":-0.013710914958630143},"point_estimate":-0.023741942497981117,"standard_error":0.004209115364363702}}