{"Mean":{"confidence_interval":{"confidence_level":0.95,"lower_bound":-0.0322154706851489,"upper_bound":-0.021007063485961645},"point_estimate":-0.026413106325620328,"standard_error":0.002843598854781609},"Median":{"confidence_interval":{"confidence_level":0.95,"lower_bound":-0.0337327032750747,"upper_bound":-0.018182782500096084},"point_estimate":-0.02547634633804441,"standard_error":0.003792014140444694}}