{"Mean":{"confidence_interval":{"confidence_level":0.95,"lower_bound":-0.020760542853287985,"upper_bound":-0.008281375775140069},"point_estimate":-0.014639012442840715,"standard_error":0.003168691210784736},"Median":{"confidence_interval":{"confidence_level":0.95,"lower_bound":-0.02351219433507845,"upper_bound":-0.0042995383222593775},"point_estimate":-0.015218371116062501,"standard_error":0.005074971359175812}}