{"Mean":{"confidence_interval":{"confidence_level":0.95,"lower_bound":933513.5104259206,"upper_bound":953651.4224843007},"point_estimate":943447.1083027829,"standard_error":5127.787632449031},"Median":{"confidence_interval":{"confidence_level":0.95,"lower_bound":935036.5606493772,"upper_bound":959321.3703992211},"point_estimate":945463.4002026343,"standard_error":6115.2364360590645},"MedianAbsDev":{"confidence_interval":{"confidence_level":0.95,"lower_bound":31959.231004054327,"upper_bound":51177.18847614542},"point_estimate":40014.3646108796,"standard_error":4926.550763536542},"Slope":{"confidence_interval":{"confidence_level":0.95,"lower_bound":923747.8100833914,"upper_bound":942758.5941220412},"point_estimate":933447.4065760308,"standard_error":4842.118532235996},"StdDev":{"confidence_interval":{"confidence_level":0.95,"lower_bound":40602.53449935559,"upper_bound":62463.950174552025},"point_estimate":51509.29222486361,"standard_error":5632.718342940673}}