{"Mean":{"confidence_interval":{"confidence_level":0.95,"lower_bound":936738.0919582362,"upper_bound":952916.2031278132},"point_estimate":944483.7316619684,"standard_error":4120.6207491878695},"Median":{"confidence_interval":{"confidence_level":0.95,"lower_bound":934065.1111111111,"upper_bound":946385.511454889},"point_estimate":940546.5628865979,"standard_error":2925.1930490276895},"MedianAbsDev":{"confidence_interval":{"confidence_level":0.95,"lower_bound":20036.978061309677,"upper_bound":34061.21857833429},"point_estimate":27440.633781458804,"standard_error":3530.1890317429156},"Slope":{"confidence_interval":{"confidence_level":0.95,"lower_bound":926167.7081697576,"upper_bound":941038.4310382104},"point_estimate":933684.2193527413,"standard_error":3788.8154931339363},"StdDev":{"confidence_interval":{"confidence_level":0.95,"lower_bound":30456.255402174782,"upper_bound":51182.01689040292},"point_estimate":41432.73771639591,"standard_error":5315.547273304079}}