{"Mean":{"confidence_interval":{"confidence_level":0.95,"lower_bound":0.024386731981197847,"upper_bound":0.03976278082423367},"point_estimate":0.03215376437850059,"standard_error":0.0039511037889963085},"Median":{"confidence_interval":{"confidence_level":0.95,"lower_bound":0.024421763715876788,"upper_bound":0.03688450886723449},"point_estimate":0.03147057543671017,"standard_error":0.003292935330744717}}