{"Mean":{"confidence_interval":{"confidence_level":0.95,"lower_bound":0.016032061406531885,"upper_bound":0.025939626270490863},"point_estimate":0.020987721302374363,"standard_error":0.002526319768041209},"Median":{"confidence_interval":{"confidence_level":0.95,"lower_bound":0.01345960174454648,"upper_bound":0.022541327246319298},"point_estimate":0.01784490625273394,"standard_error":0.002281629105782746}}