{"Mean":{"confidence_interval":{"confidence_level":0.95,"lower_bound":-0.022994859057505302,"upper_bound":-0.0020746924279690954},"point_estimate":-0.01219382950016168,"standard_error":0.005344575035806709},"Median":{"confidence_interval":{"confidence_level":0.95,"lower_bound":-0.026762336161768374,"upper_bound":-0.014891347971596192},"point_estimate":-0.021026179688200086,"standard_error":0.0029486582355461835}}