{"Mean":{"confidence_interval":{"confidence_level":0.95,"lower_bound":0.05409749998977368,"upper_bound":0.0675247023373759},"point_estimate":0.061191770420786495,"standard_error":0.003424219204297345},"Median":{"confidence_interval":{"confidence_level":0.95,"lower_bound":0.05525801978251832,"upper_bound":0.06805987826515603},"point_estimate":0.06214362311970212,"standard_error":0.0032299597915985113}}