{"Mean":{"confidence_interval":{"confidence_level":0.95,"lower_bound":-0.0060878647877971965,"upper_bound":0.005370012447348659},"point_estimate":-0.00044172249177398815,"standard_error":0.0029239239560712492},"Median":{"confidence_interval":{"confidence_level":0.95,"lower_bound":-0.002108695415600881,"upper_bound":0.008691007463230926},"point_estimate":0.003374731169410783,"standard_error":0.002784382497346401}}