{"Mean":{"confidence_interval":{"confidence_level":0.95,"lower_bound":-0.03954062792782982,"upper_bound":-0.02930566988226291},"point_estimate":-0.03446746384315247,"standard_error":0.0025947900604481374},"Median":{"confidence_interval":{"confidence_level":0.95,"lower_bound":-0.04238041455787955,"upper_bound":-0.031390329925617744},"point_estimate":-0.03717737827674539,"standard_error":0.002841952076358737}}