{"Mean":{"confidence_interval":{"confidence_level":0.95,"lower_bound":130599.7353426521,"upper_bound":164029.38107809692},"point_estimate":147254.46041774136,"standard_error":8515.519334074726},"Median":{"confidence_interval":{"confidence_level":0.95,"lower_bound":117281.26267143709,"upper_bound":170151.17083333334},"point_estimate":140124.48446969697,"standard_error":13278.587875627358},"MedianAbsDev":{"confidence_interval":{"confidence_level":0.95,"lower_bound":83111.15038014417,"upper_bound":131872.25647079948},"point_estimate":104189.50230950571,"standard_error":12691.299008099835},"Slope":{"confidence_interval":{"confidence_level":0.95,"lower_bound":206359.2180921893,"upper_bound":233395.44134323008},"point_estimate":221100.45529776858,"standard_error":6893.900065891532},"StdDev":{"confidence_interval":{"confidence_level":0.95,"lower_bound":77412.5366242926,"upper_bound":92657.35631476922},"point_estimate":85700.86907750736,"standard_error":3886.0554014097947}}