{"Mean":{"confidence_interval":{"confidence_level":0.95,"lower_bound":-0.12698847672212313,"upper_bound":-0.10837540604510561},"point_estimate":-0.1173921410623805,"standard_error":0.004741738864212941},"Median":{"confidence_interval":{"confidence_level":0.95,"lower_bound":-0.11701285052912835,"upper_bound":-0.1019725219639056},"point_estimate":-0.10904927007825405,"standard_error":0.003675335268371204}}