{"Mean":{"confidence_interval":{"confidence_level":0.95,"lower_bound":0.004589965432468153,"upper_bound":0.02402304865612403},"point_estimate":0.014125690418084647,"standard_error":0.004930122934185329},"Median":{"confidence_interval":{"confidence_level":0.95,"lower_bound":0.003547675228296132,"upper_bound":0.020050325203103236},"point_estimate":0.011006259039303856,"standard_error":0.004005450583304358}}