{"Mean":{"confidence_interval":{"confidence_level":0.95,"lower_bound":-0.03722353917211585,"upper_bound":-0.0007743358292039084},"point_estimate":-0.01628145670371528,"standard_error":0.009428009054911004},"Median":{"confidence_interval":{"confidence_level":0.95,"lower_bound":-0.021825613799488996,"upper_bound":-0.0006707754070754968},"point_estimate":-0.011621951507484685,"standard_error":0.005488867195100712}}