{"Mean":{"confidence_interval":{"confidence_level":0.95,"lower_bound":-0.018790349362993362,"upper_bound":-0.007603917832895671},"point_estimate":-0.013266231702523501,"standard_error":0.00284883280263404},"Median":{"confidence_interval":{"confidence_level":0.95,"lower_bound":-0.023109362634371317,"upper_bound":-0.007532532146338089},"point_estimate":-0.016590986818717957,"standard_error":0.004044149465142743}}