{"Mean":{"confidence_interval":{"confidence_level":0.95,"lower_bound":-0.01758448200093165,"upper_bound":-0.0055396216585250745},"point_estimate":-0.011522705103989672,"standard_error":0.0030642322925455057},"Median":{"confidence_interval":{"confidence_level":0.95,"lower_bound":-0.015655561830409274,"upper_bound":-0.004601751204564519},"point_estimate":-0.009620368155421777,"standard_error":0.0027078971913811613}}