{"Mean":{"confidence_interval":{"confidence_level":0.95,"lower_bound":-0.012816125605614336,"upper_bound":-0.001622806048842746},"point_estimate":-0.007191418306449093,"standard_error":0.0028464173252573423},"Median":{"confidence_interval":{"confidence_level":0.95,"lower_bound":-0.016236649578785255,"upper_bound":0.0022649837001604833},"point_estimate":-0.006542882537229899,"standard_error":0.0047829292277553545}}