{"Mean":{"confidence_interval":{"confidence_level":0.95,"lower_bound":12495.47694126436,"upper_bound":12610.783189897973},"point_estimate":12553.581427912935,"standard_error":29.4517556154301},"Median":{"confidence_interval":{"confidence_level":0.95,"lower_bound":12462.477511312218,"upper_bound":12682.702097902098},"point_estimate":12550.56651031895,"standard_error":53.93089660288886},"MedianAbsDev":{"confidence_interval":{"confidence_level":0.95,"lower_bound":253.51239958795804,"upper_bound":371.0680731950311},"point_estimate":310.11043386952934,"standard_error":29.39543617241089},"Slope":{"confidence_interval":{"confidence_level":0.95,"lower_bound":12442.566366482082,"upper_bound":12585.402300823893},"point_estimate":12513.308897159292,"standard_error":36.351282918861976},"StdDev":{"confidence_interval":{"confidence_level":0.95,"lower_bound":252.79703427925728,"upper_bound":339.4565239401227},"point_estimate":296.6447457430676,"standard_error":22.184468264969837}}