{"Mean":{"confidence_interval":{"confidence_level":0.95,"lower_bound":136936.3262337468,"upper_bound":171413.73012632225},"point_estimate":154243.97351432004,"standard_error":8781.776648641806},"Median":{"confidence_interval":{"confidence_level":0.95,"lower_bound":123721.81363352094,"upper_bound":188325.39344262294},"point_estimate":156323.1654571843,"standard_error":14922.196268335883},"MedianAbsDev":{"confidence_interval":{"confidence_level":0.95,"lower_bound":89774.94558956074,"upper_bound":134332.82902606492},"point_estimate":110109.48489600442,"standard_error":11347.083280545285},"Slope":{"confidence_interval":{"confidence_level":0.95,"lower_bound":215602.41768355286,"upper_bound":241452.1918150219},"point_estimate":229865.7023703266,"standard_error":6609.363994336362},"StdDev":{"confidence_interval":{"confidence_level":0.95,"lower_bound":80079.09142239469,"upper_bound":95354.152090816},"point_estimate":88384.70412628887,"standard_error":3888.5907574980206}}