{"Mean":{"confidence_interval":{"confidence_level":0.95,"lower_bound":32556.716787748217,"upper_bound":32808.46505670584},"point_estimate":32686.54200709476,"standard_error":64.13763966536074},"Median":{"confidence_interval":{"confidence_level":0.95,"lower_bound":32605.84218103002,"upper_bound":32940.254807692305},"point_estimate":32802.36198957293,"standard_error":86.77575963089005},"MedianAbsDev":{"confidence_interval":{"confidence_level":0.95,"lower_bound":440.85986631110603,"upper_bound":682.5028866476879},"point_estimate":542.8297420837821,"standard_error":59.52837858870767},"Slope":{"confidence_interval":{"confidence_level":0.95,"lower_bound":32552.465968906,"upper_bound":32802.15125187162},"point_estimate":32680.270588333085,"standard_error":63.72677176789482},"StdDev":{"confidence_interval":{"confidence_level":0.95,"lower_bound":519.6144047181563,"upper_bound":750.9482827227899},"point_estimate":641.5065922698858,"standard_error":59.04871001292282}}