{"Mean":{"confidence_interval":{"confidence_level":0.95,"lower_bound":142737.3558103244,"upper_bound":143826.91549406113},"point_estimate":143300.53340446745,"standard_error":278.3789288516956},"Median":{"confidence_interval":{"confidence_level":0.95,"lower_bound":143309.13605442178,"upper_bound":144467.8524590164},"point_estimate":143917.58075196407,"standard_error":253.19552631023743},"MedianAbsDev":{"confidence_interval":{"confidence_level":0.95,"lower_bound":1429.05860673442,"upper_bound":2664.097963675073},"point_estimate":1953.887007590489,"standard_error":291.45649843403385},"Slope":{"confidence_interval":{"confidence_level":0.95,"lower_bound":143591.4622288784,"upper_bound":144352.93863830518},"point_estimate":143989.9367459731,"standard_error":194.41996961337267},"StdDev":{"confidence_interval":{"confidence_level":0.95,"lower_bound":2138.3245730731933,"upper_bound":3519.075147076799},"point_estimate":2792.7171445731956,"standard_error":363.44084473715907}}