{"Mean":{"confidence_interval":{"confidence_level":0.95,"lower_bound":82836.23266502836,"upper_bound":83396.19709142596},"point_estimate":83111.3838303283,"standard_error":142.98461224328852},"Median":{"confidence_interval":{"confidence_level":0.95,"lower_bound":82892.87962962964,"upper_bound":83486.375},"point_estimate":83150.75683665927,"standard_error":155.98103262393303},"MedianAbsDev":{"confidence_interval":{"confidence_level":0.95,"lower_bound":859.3685049244158,"upper_bound":1494.398998469107},"point_estimate":1193.257087475247,"standard_error":162.33955984006306},"Slope":{"confidence_interval":{"confidence_level":0.95,"lower_bound":82590.88707220247,"upper_bound":83142.05357427821},"point_estimate":82874.44116874374,"standard_error":140.13782245239588},"StdDev":{"confidence_interval":{"confidence_level":0.95,"lower_bound":1098.4460106056954,"upper_bound":1795.9023473059208},"point_estimate":1438.4666361622164,"standard_error":181.60646317003682}}