{"Mean":{"confidence_interval":{"confidence_level":0.95,"lower_bound":13916813.706878318,"upper_bound":17467169.42819692},"point_estimate":15689790.18049671,"standard_error":905699.779979681},"Median":{"confidence_interval":{"confidence_level":0.95,"lower_bound":12884769.707317073,"upper_bound":18793795.05},"point_estimate":15614152.903921567,"standard_error":1523486.1426277768},"MedianAbsDev":{"confidence_interval":{"confidence_level":0.95,"lower_bound":9253458.429697737,"upper_bound":13856009.163746448},"point_estimate":11925493.889304163,"standard_error":1171087.8475807887},"Slope":{"confidence_interval":{"confidence_level":0.95,"lower_bound":22012265.367621724,"upper_bound":24727340.19226901},"point_estimate":23494700.437538054,"standard_error":691429.3634993356},"StdDev":{"confidence_interval":{"confidence_level":0.95,"lower_bound":8239742.4549739985,"upper_bound":9825923.772379419},"point_estimate":9102757.942954985,"standard_error":404483.2719389214}}