{"Mean":{"confidence_interval":{"confidence_level":0.95,"lower_bound":306033.9057942647,"upper_bound":308614.34847251384},"point_estimate":307327.52020221995,"standard_error":659.2926465496176},"Median":{"confidence_interval":{"confidence_level":0.95,"lower_bound":305184.0205128205,"upper_bound":308770.9865185505},"point_estimate":307251.1971744471,"standard_error":950.8347873751367},"MedianAbsDev":{"confidence_interval":{"confidence_level":0.95,"lower_bound":5467.693207974005,"upper_bound":8682.245935297931},"point_estimate":6870.931666016542,"standard_error":811.2352985022868},"Slope":{"confidence_interval":{"confidence_level":0.95,"lower_bound":303845.3623092112,"upper_bound":306558.4686249719},"point_estimate":305161.25260233483,"standard_error":690.5477588817632},"StdDev":{"confidence_interval":{"confidence_level":0.95,"lower_bound":5785.5138054863555,"upper_bound":7445.6494563135575},"point_estimate":6657.460099773487,"standard_error":424.2832185035192}}