{"Mean":{"confidence_interval":{"confidence_level":0.95,"lower_bound":300249.0594835812,"upper_bound":303275.91792641225},"point_estimate":301773.83452074917,"standard_error":772.9687972805131},"Median":{"confidence_interval":{"confidence_level":0.95,"lower_bound":300435.9453125,"upper_bound":304413.4880952381},"point_estimate":302718.5125,"standard_error":938.5768259710119},"MedianAbsDev":{"confidence_interval":{"confidence_level":0.95,"lower_bound":5649.67725351398,"upper_bound":9090.339348614225},"point_estimate":7314.239953728372,"standard_error":875.6506681339969},"Slope":{"confidence_interval":{"confidence_level":0.95,"lower_bound":301311.6558615426,"upper_bound":305020.0454746481},"point_estimate":303195.702410965,"standard_error":947.516984595518},"StdDev":{"confidence_interval":{"confidence_level":0.95,"lower_bound":6542.852498022711,"upper_bound":8817.721396423924},"point_estimate":7752.687829915721,"standard_error":579.3458300647051}}