{"Mean":{"confidence_interval":{"confidence_level":0.95,"lower_bound":7915.217755826739,"upper_bound":7983.884014238401},"point_estimate":7949.428328021179,"standard_error":17.474166531289164},"Median":{"confidence_interval":{"confidence_level":0.95,"lower_bound":7909.7444444444445,"upper_bound":7978.433735201477},"point_estimate":7946.527606707317,"standard_error":20.319369790252},"MedianAbsDev":{"confidence_interval":{"confidence_level":0.95,"lower_bound":120.19704877225344,"upper_bound":197.50295223197764},"point_estimate":151.11029581725617,"standard_error":19.678092779285826},"Slope":{"confidence_interval":{"confidence_level":0.95,"lower_bound":7894.890349143634,"upper_bound":7979.141562535232},"point_estimate":7936.80691197478,"standard_error":21.508769617821944},"StdDev":{"confidence_interval":{"confidence_level":0.95,"lower_bound":149.24962444199738,"upper_bound":199.33257867930487},"point_estimate":175.67111485245232,"standard_error":12.797839795928468}}