{"Mean":{"confidence_interval":{"confidence_level":0.95,"lower_bound":0.0632342379833921,"upper_bound":0.07457715080330095},"point_estimate":0.06898498865844793,"standard_error":0.0028849984047720806},"Median":{"confidence_interval":{"confidence_level":0.95,"lower_bound":0.06394201798724097,"upper_bound":0.0743485665027242},"point_estimate":0.0705034357626595,"standard_error":0.0026878879955226035}}