{"Mean":{"confidence_interval":{"confidence_level":0.95,"lower_bound":-0.022024935492381662,"upper_bound":-0.008231358379639247},"point_estimate":-0.014753962786515418,"standard_error":0.0035188371736501927},"Median":{"confidence_interval":{"confidence_level":0.95,"lower_bound":-0.014863837525463369,"upper_bound":-0.006522807972166644},"point_estimate":-0.011410007414713874,"standard_error":0.002203162275511631}}