{"Mean":{"confidence_interval":{"confidence_level":0.95,"lower_bound":0.0024347611802431404,"upper_bound":0.012447272321002538},"point_estimate":0.007460812722480892,"standard_error":0.0025450236408660837},"Median":{"confidence_interval":{"confidence_level":0.95,"lower_bound":0.002086298017778856,"upper_bound":0.014893458928497694},"point_estimate":0.008810030168022287,"standard_error":0.0034094524052497273}}