{"Mean":{"confidence_interval":{"confidence_level":0.95,"lower_bound":-0.0968989388800991,"upper_bound":-0.08680780100102375},"point_estimate":-0.0919676200978703,"standard_error":0.002592239634294532},"Median":{"confidence_interval":{"confidence_level":0.95,"lower_bound":-0.09683944714455128,"upper_bound":-0.0839859215342682},"point_estimate":-0.088791506310127,"standard_error":0.0032991054308554113}}