{"Mean":{"confidence_interval":{"confidence_level":0.95,"lower_bound":0.006350826143556815,"upper_bound":0.019560807929673824},"point_estimate":0.012763846842377413,"standard_error":0.0033693742168477894},"Median":{"confidence_interval":{"confidence_level":0.95,"lower_bound":0.0037575866137755654,"upper_bound":0.01662967143107319},"point_estimate":0.009627941930861805,"standard_error":0.003354094981952443}}