{"Mean":{"confidence_interval":{"confidence_level":0.95,"lower_bound":-0.01153076111744318,"upper_bound":0.004725657742193458},"point_estimate":-0.003975245653778048,"standard_error":0.004130273397120347},"Median":{"confidence_interval":{"confidence_level":0.95,"lower_bound":-0.020082385474313957,"upper_bound":-0.0030462705582893213},"point_estimate":-0.012737355674476425,"standard_error":0.0045071040629386}}