{"Mean":{"confidence_interval":{"confidence_level":0.95,"lower_bound":12436.35187732126,"upper_bound":12568.268707788726},"point_estimate":12502.909730980015,"standard_error":33.61098804930746},"Median":{"confidence_interval":{"confidence_level":0.95,"lower_bound":12431.847549019607,"upper_bound":12594.151282051282},"point_estimate":12521.540235553919,"standard_error":38.9954680280162},"MedianAbsDev":{"confidence_interval":{"confidence_level":0.95,"lower_bound":245.01368621486512,"upper_bound":407.2890069976752},"point_estimate":313.3284287389464,"standard_error":42.268192200112814},"Slope":{"confidence_interval":{"confidence_level":0.95,"lower_bound":12445.215738736204,"upper_bound":12561.458794276567},"point_estimate":12504.1507421764,"standard_error":29.718384174058944},"StdDev":{"confidence_interval":{"confidence_level":0.95,"lower_bound":280.94376485639447,"upper_bound":392.5995920569786},"point_estimate":337.6118301062645,"standard_error":28.585805797201516}}