{"Mean":{"confidence_interval":{"confidence_level":0.95,"lower_bound":7665.821934424142,"upper_bound":7734.380395728862},"point_estimate":7700.4018901935915,"standard_error":17.497522486407984},"Median":{"confidence_interval":{"confidence_level":0.95,"lower_bound":7659.23717948718,"upper_bound":7748.677083333333},"point_estimate":7694.1024356617645,"standard_error":25.670242947972973},"MedianAbsDev":{"confidence_interval":{"confidence_level":0.95,"lower_bound":121.79518643013809,"upper_bound":186.15457158612102},"point_estimate":153.9108790880884,"standard_error":16.210394442998073},"Slope":{"confidence_interval":{"confidence_level":0.95,"lower_bound":7603.537937228359,"upper_bound":7683.263240160506},"point_estimate":7643.356459965026,"standard_error":20.394669169847703},"StdDev":{"confidence_interval":{"confidence_level":0.95,"lower_bound":143.67628202595986,"upper_bound":206.53437958908532},"point_estimate":175.96696506671793,"standard_error":16.096191779845938}}