{"Mean":{"confidence_interval":{"confidence_level":0.95,"lower_bound":-0.02618848406753608,"upper_bound":-0.007614713428682858},"point_estimate":-0.016456255449461832,"standard_error":0.004752551708307386},"Median":{"confidence_interval":{"confidence_level":0.95,"lower_bound":-0.017452638519010244,"upper_bound":-0.002442979360678388},"point_estimate":-0.011727088066920577,"standard_error":0.004012297076033978}}