{"Mean":{"confidence_interval":{"confidence_level":0.95,"lower_bound":-0.4006517525803987,"upper_bound":-0.3932938855551026},"point_estimate":-0.39680285100386303,"standard_error":0.001875957716482898},"Median":{"confidence_interval":{"confidence_level":0.95,"lower_bound":-0.3990782656777125,"upper_bound":-0.3925938009739209},"point_estimate":-0.39709030113573185,"standard_error":0.0016494576415841716}}