{"Mean":{"confidence_interval":{"confidence_level":0.95,"lower_bound":-0.002702109542178109,"upper_bound":0.01703726013654757},"point_estimate":0.006737508331254416,"standard_error":0.005041261971435909},"Median":{"confidence_interval":{"confidence_level":0.95,"lower_bound":-0.006298210052756951,"upper_bound":0.005104672058080739},"point_estimate":-0.0009727420788940844,"standard_error":0.0030055892918081973}}