{"Mean":{"confidence_interval":{"confidence_level":0.95,"lower_bound":135956.118871897,"upper_bound":138417.2913255211},"point_estimate":137117.16676963816,"standard_error":628.4907207164664},"Median":{"confidence_interval":{"confidence_level":0.95,"lower_bound":135417.34905660377,"upper_bound":137523.90789473685},"point_estimate":136557.5397531573,"standard_error":572.2518316864057},"MedianAbsDev":{"confidence_interval":{"confidence_level":0.95,"lower_bound":3672.5208768451926,"upper_bound":6258.439507321794},"point_estimate":4804.743885583814,"standard_error":678.0291241258808},"Slope":{"confidence_interval":{"confidence_level":0.95,"lower_bound":133937.19961148288,"upper_bound":136232.4651943222},"point_estimate":135014.6618013891,"standard_error":585.9374821003871},"StdDev":{"confidence_interval":{"confidence_level":0.95,"lower_bound":4322.674733358969,"upper_bound":8594.665088780419},"point_estimate":6321.880337912741,"standard_error":1190.4674610329248}}