{"Mean":{"confidence_interval":{"confidence_level":0.95,"lower_bound":283833.2948618205,"upper_bound":286991.78254253115},"point_estimate":285252.4594190527,"standard_error":809.3438945002436},"Median":{"confidence_interval":{"confidence_level":0.95,"lower_bound":283441.26228005864,"upper_bound":285483.228130016},"point_estimate":284540.4520930232,"standard_error":534.6688357741826},"MedianAbsDev":{"confidence_interval":{"confidence_level":0.95,"lower_bound":3466.0980806397965,"upper_bound":5734.764316107893},"point_estimate":4780.246917017424,"standard_error":577.0505222435486},"Slope":{"confidence_interval":{"confidence_level":0.95,"lower_bound":283791.8179902294,"upper_bound":285279.1519059094},"point_estimate":284540.7105275602,"standard_error":379.6696058152114},"StdDev":{"confidence_interval":{"confidence_level":0.95,"lower_bound":4294.379524441818,"upper_bound":11988.493804281487},"point_estimate":8134.694258256925,"standard_error":2108.643249061189}}