{"Mean":{"confidence_interval":{"confidence_level":0.95,"lower_bound":0.0686215037270825,"upper_bound":0.08069974317503881},"point_estimate":0.07470720699979827,"standard_error":0.0030938011985928403},"Median":{"confidence_interval":{"confidence_level":0.95,"lower_bound":0.06789293512081707,"upper_bound":0.08170560888484402},"point_estimate":0.07618400641484113,"standard_error":0.0035548903837915517}}