{"Mean":{"confidence_interval":{"confidence_level":0.95,"lower_bound":-0.013226440414841067,"upper_bound":-0.004113951013771082},"point_estimate":-0.008725559476608247,"standard_error":0.002310486304191784},"Median":{"confidence_interval":{"confidence_level":0.95,"lower_bound":-0.012725743116798749,"upper_bound":-0.0037449230962709468},"point_estimate":-0.008049838794818576,"standard_error":0.0023141318477067217}}