{"Mean":{"confidence_interval":{"confidence_level":0.95,"lower_bound":-0.006699972123266353,"upper_bound":0.003678169458811305},"point_estimate":-0.0014948479891309097,"standard_error":0.002643978345274952},"Median":{"confidence_interval":{"confidence_level":0.95,"lower_bound":-0.01134720726947984,"upper_bound":0.002002298784796296},"point_estimate":-0.0051415665513647735,"standard_error":0.0035179330622500627}}