{"Mean":{"confidence_interval":{"confidence_level":0.95,"lower_bound":3959.4318877614674,"upper_bound":3998.6405418267414},"point_estimate":3979.3143675633924,"standard_error":9.986228068520523},"Median":{"confidence_interval":{"confidence_level":0.95,"lower_bound":3953.807894659104,"upper_bound":4004.6786022105616},"point_estimate":3985.761563021908,"standard_error":12.771017071690155},"MedianAbsDev":{"confidence_interval":{"confidence_level":0.95,"lower_bound":72.43488270997544,"upper_bound":111.4540716912931},"point_estimate":92.24373746451302,"standard_error":10.115044849783683},"Slope":{"confidence_interval":{"confidence_level":0.95,"lower_bound":3962.9342468480113,"upper_bound":4001.3951883389254},"point_estimate":3982.316317059031,"standard_error":9.83187561698773},"StdDev":{"confidence_interval":{"confidence_level":0.95,"lower_bound":79.33402092449614,"upper_bound":121.7979828066629},"point_estimate":100.2901120052434,"standard_error":10.910400354417463}}