{"Mean":{"confidence_interval":{"confidence_level":0.95,"lower_bound":7797.994988798413,"upper_bound":7867.86905056307},"point_estimate":7833.056547813807,"standard_error":17.835058832014003},"Median":{"confidence_interval":{"confidence_level":0.95,"lower_bound":7771.461563151982,"upper_bound":7900.8067876344085},"point_estimate":7825.594400504409,"standard_error":34.98897980912491},"MedianAbsDev":{"confidence_interval":{"confidence_level":0.95,"lower_bound":152.80530549193213,"upper_bound":227.03405945680623},"point_estimate":194.42929702970775,"standard_error":19.005558464758966},"Slope":{"confidence_interval":{"confidence_level":0.95,"lower_bound":7796.334151746366,"upper_bound":7865.723977303047},"point_estimate":7831.631388855785,"standard_error":17.753890336900596},"StdDev":{"confidence_interval":{"confidence_level":0.95,"lower_bound":152.71678307503507,"upper_bound":204.73642808607556},"point_estimate":179.56989947116352,"standard_error":13.29724693962962}}