{"Mean":{"confidence_interval":{"confidence_level":0.95,"lower_bound":-0.002925174676740962,"upper_bound":0.011220388851693552},"point_estimate":0.004052792351796786,"standard_error":0.003600934809680407},"Median":{"confidence_interval":{"confidence_level":0.95,"lower_bound":-0.0060776113725470315,"upper_bound":0.014913113665737443},"point_estimate":0.0023181073748907988,"standard_error":0.0053716203228084}}