{"Mean":{"confidence_interval":{"confidence_level":0.95,"lower_bound":-0.039149996660324475,"upper_bound":-0.026078939827413515},"point_estimate":-0.03255767952365807,"standard_error":0.003340416604845188},"Median":{"confidence_interval":{"confidence_level":0.95,"lower_bound":-0.03823579327356663,"upper_bound":-0.022244823132199},"point_estimate":-0.028969281763692734,"standard_error":0.004180807508432254}}