{"Mean":{"confidence_interval":{"confidence_level":0.95,"lower_bound":-0.39384180841673294,"upper_bound":-0.3856711389062412},"point_estimate":-0.3898162893917859,"standard_error":0.002082799907405304},"Median":{"confidence_interval":{"confidence_level":0.95,"lower_bound":-0.39589091129693976,"upper_bound":-0.38506324153389093},"point_estimate":-0.3897367176489651,"standard_error":0.0027144008500204877}}