{"Mean":{"confidence_interval":{"confidence_level":0.95,"lower_bound":59156.605800908124,"upper_bound":59604.84983224892},"point_estimate":59381.17863501406,"standard_error":114.07069831538006},"Median":{"confidence_interval":{"confidence_level":0.95,"lower_bound":59365.743686868685,"upper_bound":59658.52617521367},"point_estimate":59508.16696840027,"standard_error":76.08072307793444},"MedianAbsDev":{"confidence_interval":{"confidence_level":0.95,"lower_bound":460.66846833665426,"upper_bound":764.9188609984777},"point_estimate":583.5371413901438,"standard_error":75.68839081379583},"Slope":{"confidence_interval":{"confidence_level":0.95,"lower_bound":59172.26727159567,"upper_bound":59542.24397063407},"point_estimate":59363.667380301464,"standard_error":94.47691063887136},"StdDev":{"confidence_interval":{"confidence_level":0.95,"lower_bound":794.1861652124439,"upper_bound":1480.494703035577},"point_estimate":1143.2904695393574,"standard_error":176.41319386733872}}