{"Mean":{"confidence_interval":{"confidence_level":0.95,"lower_bound":59151.92952758622,"upper_bound":59674.772934363915},"point_estimate":59407.42022870735,"standard_error":132.82805987461904},"Median":{"confidence_interval":{"confidence_level":0.95,"lower_bound":59059.37606837607,"upper_bound":59610.6323024055},"point_estimate":59308.0183502776,"standard_error":146.9075035501683},"MedianAbsDev":{"confidence_interval":{"confidence_level":0.95,"lower_bound":845.1040997351837,"upper_bound":1512.0126818607657},"point_estimate":1273.0514654335911,"standard_error":173.8297715087645},"Slope":{"confidence_interval":{"confidence_level":0.95,"lower_bound":58974.4110221984,"upper_bound":59575.503911177984},"point_estimate":59259.00923501305,"standard_error":152.9980313061059},"StdDev":{"confidence_interval":{"confidence_level":0.95,"lower_bound":1073.0530655745774,"upper_bound":1607.3259769959882},"point_estimate":1331.0649297101786,"standard_error":138.50571934305233}}