{"Mean":{"confidence_interval":{"confidence_level":0.95,"lower_bound":5641.517250952239,"upper_bound":5688.294362175316},"point_estimate":5664.933593461623,"standard_error":11.95788353355301},"Median":{"confidence_interval":{"confidence_level":0.95,"lower_bound":5643.757556575408,"upper_bound":5696.504321521175},"point_estimate":5662.85976944404,"standard_error":12.534214851121265},"MedianAbsDev":{"confidence_interval":{"confidence_level":0.95,"lower_bound":79.74662675637902,"upper_bound":132.79444926142588},"point_estimate":98.91193448141868,"standard_error":14.31019468451617},"Slope":{"confidence_interval":{"confidence_level":0.95,"lower_bound":5647.491551596696,"upper_bound":5689.511796420133},"point_estimate":5668.798773094147,"standard_error":10.71732404961605},"StdDev":{"confidence_interval":{"confidence_level":0.95,"lower_bound":97.88041138050748,"upper_bound":140.53543839099598},"point_estimate":119.62686458622433,"standard_error":10.896831136300499}}