{"Mean":{"confidence_interval":{"confidence_level":0.95,"lower_bound":2773.828704769306,"upper_bound":2793.336605308411},"point_estimate":2783.5785385961503,"standard_error":4.965538953885462},"Median":{"confidence_interval":{"confidence_level":0.95,"lower_bound":2773.828104972003,"upper_bound":2793.465888392118},"point_estimate":2784.716580323138,"standard_error":5.158968180307063},"MedianAbsDev":{"confidence_interval":{"confidence_level":0.95,"lower_bound":39.177969783995195,"upper_bound":62.85559787683903},"point_estimate":52.47421864376092,"standard_error":6.0632065213985165},"Slope":{"confidence_interval":{"confidence_level":0.95,"lower_bound":2755.79408959731,"upper_bound":2775.4545330379387},"point_estimate":2765.471410113852,"standard_error":5.0136618074321495},"StdDev":{"confidence_interval":{"confidence_level":0.95,"lower_bound":42.19701622685379,"upper_bound":57.55452942152533},"point_estimate":49.94768707680297,"standard_error":3.9239788199288763}}