{"Mean":{"confidence_interval":{"confidence_level":0.95,"lower_bound":6065.144514345855,"upper_bound":6111.041679210592},"point_estimate":6088.144960068471,"standard_error":11.69489362618133},"Median":{"confidence_interval":{"confidence_level":0.95,"lower_bound":6066.503212851406,"upper_bound":6117.198319965254},"point_estimate":6094.279114445711,"standard_error":14.891642186072668},"MedianAbsDev":{"confidence_interval":{"confidence_level":0.95,"lower_bound":81.84702396372738,"upper_bound":145.38296867924183},"point_estimate":116.31360704379219,"standard_error":16.20833216619227},"Slope":{"confidence_interval":{"confidence_level":0.95,"lower_bound":6048.133342174905,"upper_bound":6102.353674372919},"point_estimate":6075.327214387326,"standard_error":13.826347675612057},"StdDev":{"confidence_interval":{"confidence_level":0.95,"lower_bound":101.51295676128174,"upper_bound":132.62597498212034},"point_estimate":117.82377418383385,"standard_error":7.936452269905011}}