{"Mean":{"confidence_interval":{"confidence_level":0.95,"lower_bound":143056.421285473,"upper_bound":144369.4232298333},"point_estimate":143721.0402327728,"standard_error":334.7678806424369},"Median":{"confidence_interval":{"confidence_level":0.95,"lower_bound":143481.64102564103,"upper_bound":144017.012763099},"point_estimate":143723.0981892757,"standard_error":148.2636029413957},"MedianAbsDev":{"confidence_interval":{"confidence_level":0.95,"lower_bound":1523.1543915008035,"upper_bound":3129.767760286417},"point_estimate":1949.0848300432858,"standard_error":399.94669915618283},"Slope":{"confidence_interval":{"confidence_level":0.95,"lower_bound":142908.8840498139,"upper_bound":143894.7641904942},"point_estimate":143413.42263189005,"standard_error":251.38669971926544},"StdDev":{"confidence_interval":{"confidence_level":0.95,"lower_bound":2620.093577117641,"upper_bound":4118.240095817277},"point_estimate":3378.898682397451,"standard_error":383.57133919474023}}