{"Mean":{"confidence_interval":{"confidence_level":0.95,"lower_bound":13799818.81102002,"upper_bound":17328013.152782448},"point_estimate":15570397.433363726,"standard_error":899017.4765729564},"Median":{"confidence_interval":{"confidence_level":0.95,"lower_bound":12533629.414634146,"upper_bound":18664963.04417894},"point_estimate":15634919.062156864,"standard_error":1607918.583945206},"MedianAbsDev":{"confidence_interval":{"confidence_level":0.95,"lower_bound":9098289.829226876,"upper_bound":13487302.351422729},"point_estimate":11618790.039055778,"standard_error":1123814.9599239784},"Slope":{"confidence_interval":{"confidence_level":0.95,"lower_bound":21801942.092684165,"upper_bound":24498884.730847217},"point_estimate":23277578.35713906,"standard_error":688812.7612708722},"StdDev":{"confidence_interval":{"confidence_level":0.95,"lower_bound":8122843.775250554,"upper_bound":9709491.045669593},"point_estimate":8990027.966788718,"standard_error":403007.8080050246}}