{"Mean":{"confidence_interval":{"confidence_level":0.95,"lower_bound":140280.61571653644,"upper_bound":141480.5771605946},"point_estimate":140881.7871314664,"standard_error":306.587107887544},"Median":{"confidence_interval":{"confidence_level":0.95,"lower_bound":140101.58192488263,"upper_bound":141779.37009803922},"point_estimate":140732.8039772727,"standard_error":470.796287655524},"MedianAbsDev":{"confidence_interval":{"confidence_level":0.95,"lower_bound":2416.8246134015003,"upper_bound":4009.3607656569675},"point_estimate":3108.0375666249515,"standard_error":402.38649748840146},"Slope":{"confidence_interval":{"confidence_level":0.95,"lower_bound":139925.2403871286,"upper_bound":141161.16246009615},"point_estimate":140541.86261317178,"standard_error":314.5940108879576},"StdDev":{"confidence_interval":{"confidence_level":0.95,"lower_bound":2676.9224742787706,"upper_bound":3453.5338075043087},"point_estimate":3084.7374938471403,"standard_error":198.4800944769054}}