{"Mean":{"confidence_interval":{"confidence_level":0.95,"lower_bound":319651.334987177,"upper_bound":324126.9699850554},"point_estimate":321781.3060017229,"standard_error":1144.3605830464996},"Median":{"confidence_interval":{"confidence_level":0.95,"lower_bound":319027.8620689655,"upper_bound":322116.9038336582},"point_estimate":320657.1808510638,"standard_error":898.8623494276188},"MedianAbsDev":{"confidence_interval":{"confidence_level":0.95,"lower_bound":5754.388679066386,"upper_bound":9540.117977716225},"point_estimate":8095.56065627506,"standard_error":967.7870564513777},"Slope":{"confidence_interval":{"confidence_level":0.95,"lower_bound":317955.5184210307,"upper_bound":323840.091675427},"point_estimate":320663.2107108024,"standard_error":1503.6832253126715},"StdDev":{"confidence_interval":{"confidence_level":0.95,"lower_bound":7911.046925656857,"upper_bound":14910.80423654424},"point_estimate":11508.820676113086,"standard_error":1806.8543664861227}}