{"Mean":{"confidence_interval":{"confidence_level":0.95,"lower_bound":-0.030325436569120377,"upper_bound":-0.019690066151335995},"point_estimate":-0.025036057117126198,"standard_error":0.0026942977107525805},"Median":{"confidence_interval":{"confidence_level":0.95,"lower_bound":-0.032147013953569004,"upper_bound":-0.01811978712189566},"point_estimate":-0.02485537262598858,"standard_error":0.0037003624773916314}}