{"Mean":{"confidence_interval":{"confidence_level":0.95,"lower_bound":-0.019968836869001926,"upper_bound":-0.003539090076551615},"point_estimate":-0.011695180874735311,"standard_error":0.004199276055613753},"Median":{"confidence_interval":{"confidence_level":0.95,"lower_bound":-0.015959359243699376,"upper_bound":-0.0024870014638617155},"point_estimate":-0.010912708649269187,"standard_error":0.003542303599101372}}