{"Mean":{"confidence_interval":{"confidence_level":0.95,"lower_bound":-0.05549865736854842,"upper_bound":-0.046538801051996245},"point_estimate":-0.0510081915260987,"standard_error":0.002285911461561442},"Median":{"confidence_interval":{"confidence_level":0.95,"lower_bound":-0.05401768671769036,"upper_bound":-0.04318284487331126},"point_estimate":-0.04988395268070667,"standard_error":0.0027080818580934667}}