{"Mean":{"confidence_interval":{"confidence_level":0.95,"lower_bound":4215.902792509399,"upper_bound":4253.164868278749},"point_estimate":4234.670215455421,"standard_error":9.517243191420938},"Median":{"confidence_interval":{"confidence_level":0.95,"lower_bound":4215.672817460318,"upper_bound":4258.394777265745},"point_estimate":4242.993249701314,"standard_error":11.682401589694509},"MedianAbsDev":{"confidence_interval":{"confidence_level":0.95,"lower_bound":75.3611397482477,"upper_bound":111.87316288299502},"point_estimate":94.80439947761144,"standard_error":9.077142817290952},"Slope":{"confidence_interval":{"confidence_level":0.95,"lower_bound":4209.238099662947,"upper_bound":4241.954126215198},"point_estimate":4225.559390412389,"standard_error":8.355979185619285},"StdDev":{"confidence_interval":{"confidence_level":0.95,"lower_bound":78.9711726490743,"upper_bound":110.71349124857223},"point_estimate":95.05661390590001,"standard_error":8.077806842298997}}