{"Mean":{"confidence_interval":{"confidence_level":0.95,"lower_bound":55697.666870219946,"upper_bound":56164.29481441162},"point_estimate":55929.98479721164,"standard_error":118.9713109602269},"Median":{"confidence_interval":{"confidence_level":0.95,"lower_bound":55687.531427154194,"upper_bound":56144.37647209421},"point_estimate":55892.105572289154,"standard_error":138.55374591467933},"MedianAbsDev":{"confidence_interval":{"confidence_level":0.95,"lower_bound":821.1182362741187,"upper_bound":1322.1204921619465},"point_estimate":1135.4310215743806,"standard_error":127.05079848965318},"Slope":{"confidence_interval":{"confidence_level":0.95,"lower_bound":55415.49895820975,"upper_bound":55941.129272487124},"point_estimate":55675.20606137629,"standard_error":134.10800164333511},"StdDev":{"confidence_interval":{"confidence_level":0.95,"lower_bound":987.6358214711644,"upper_bound":1403.1542562289314},"point_estimate":1199.6272286540461,"standard_error":106.02804153568417}}