{"Mean":{"confidence_interval":{"confidence_level":0.95,"lower_bound":7214.2552388219465,"upper_bound":7321.072801696697},"point_estimate":7267.20546502579,"standard_error":27.199118067348586},"Median":{"confidence_interval":{"confidence_level":0.95,"lower_bound":7185.4268135904495,"upper_bound":7316.3882947118245},"point_estimate":7263.516273849607,"standard_error":37.849819169303004},"MedianAbsDev":{"confidence_interval":{"confidence_level":0.95,"lower_bound":228.48190385305168,"upper_bound":353.7082044086914},"point_estimate":303.8682177425992,"standard_error":31.694585952159557},"Slope":{"confidence_interval":{"confidence_level":0.95,"lower_bound":7215.664705844298,"upper_bound":7344.208493593439},"point_estimate":7280.599760722341,"standard_error":32.754405069337565},"StdDev":{"confidence_interval":{"confidence_level":0.95,"lower_bound":231.20603785521837,"upper_bound":315.0554040614384},"point_estimate":272.86832818670007,"standard_error":21.493343150557973}}