{"Mean":{"confidence_interval":{"confidence_level":0.95,"lower_bound":7293.635096470837,"upper_bound":7409.154835479109},"point_estimate":7351.014492636122,"standard_error":29.523789680700308},"Median":{"confidence_interval":{"confidence_level":0.95,"lower_bound":7268.351109906328,"upper_bound":7402.430618401207},"point_estimate":7318.038972533458,"standard_error":33.30683002308191},"MedianAbsDev":{"confidence_interval":{"confidence_level":0.95,"lower_bound":225.0941744220802,"upper_bound":347.27406482616965},"point_estimate":283.6195867410612,"standard_error":30.060893057418312},"Slope":{"confidence_interval":{"confidence_level":0.95,"lower_bound":7268.068219275114,"upper_bound":7388.836064852566},"point_estimate":7328.455852073354,"standard_error":30.82905847875085},"StdDev":{"confidence_interval":{"confidence_level":0.95,"lower_bound":251.66757978848858,"upper_bound":337.07290945194205},"point_estimate":296.44997489080725,"standard_error":21.80585700215747}}