{"Mean":{"confidence_interval":{"confidence_level":0.95,"lower_bound":-0.9526921530749916,"upper_bound":-0.9407623505590414},"point_estimate":-0.9474073565279839,"standard_error":0.0030440998092055457},"Median":{"confidence_interval":{"confidence_level":0.95,"lower_bound":-0.95663396411956,"upper_bound":-0.9345940824185959},"point_estimate":-0.9478183177773398,"standard_error":0.005303747285479555}}