{"Mean":{"confidence_interval":{"confidence_level":0.95,"lower_bound":0.1986382274003179,"upper_bound":0.6373194004276174},"point_estimate":0.39743790792541245,"standard_error":0.11205955071510877},"Median":{"confidence_interval":{"confidence_level":0.95,"lower_bound":0.05966078605560678,"upper_bound":0.8387754928487503},"point_estimate":0.40961178295458756,"standard_error":0.19499329760475875}}