{"Mean":{"confidence_interval":{"confidence_level":0.95,"lower_bound":-0.004591235809301014,"upper_bound":0.013610891127957473},"point_estimate":0.0045759204262778574,"standard_error":0.004620270677682042},"Median":{"confidence_interval":{"confidence_level":0.95,"lower_bound":-0.010298293735849895,"upper_bound":0.01707799066590865},"point_estimate":0.00351750662960848,"standard_error":0.00687728211577035}}