{"Mean":{"confidence_interval":{"confidence_level":0.95,"lower_bound":-0.9827224470173689,"upper_bound":-0.9783151721437977},"point_estimate":-0.9807662287991671,"standard_error":0.001123878886656659},"Median":{"confidence_interval":{"confidence_level":0.95,"lower_bound":-0.983892635218452,"upper_bound":-0.976498086682564},"point_estimate":-0.9806125561621745,"standard_error":0.0019128346478628215}}