{"Mean":{"confidence_interval":{"confidence_level":0.95,"lower_bound":0.19266609073030547,"upper_bound":0.6505826704164854},"point_estimate":0.4016952508036007,"standard_error":0.11675547928459516},"Median":{"confidence_interval":{"confidence_level":0.95,"lower_bound":0.07698887181580791,"upper_bound":0.8650047804909993},"point_estimate":0.40376807603176257,"standard_error":0.20408445729063057}}