{"Mean":{"confidence_interval":{"confidence_level":0.95,"lower_bound":0.003477215283041649,"upper_bound":0.018006783002523452},"point_estimate":0.010729675120113358,"standard_error":0.003711717448689062},"Median":{"confidence_interval":{"confidence_level":0.95,"lower_bound":0.0008732237162343282,"upper_bound":0.02260009315789465},"point_estimate":0.011437973292668824,"standard_error":0.0055265841469126255}}