{"Mean":{"confidence_interval":{"confidence_level":0.95,"lower_bound":8177.0581342472215,"upper_bound":8239.192795226965},"point_estimate":8208.450629185012,"standard_error":15.914262601277455},"Median":{"confidence_interval":{"confidence_level":0.95,"lower_bound":8178.075127334465,"upper_bound":8252.511382947778},"point_estimate":8216.202035142931,"standard_error":17.40266095969569},"MedianAbsDev":{"confidence_interval":{"confidence_level":0.95,"lower_bound":118.24399928109322,"upper_bound":179.28917010292193},"point_estimate":139.85520247525844,"standard_error":16.06456692900718},"Slope":{"confidence_interval":{"confidence_level":0.95,"lower_bound":8151.899393265813,"upper_bound":8217.593286929781},"point_estimate":8185.663462915381,"standard_error":16.784098054462984},"StdDev":{"confidence_interval":{"confidence_level":0.95,"lower_bound":131.4204102357093,"upper_bound":185.64735153343042},"point_estimate":159.45685200897603,"standard_error":13.872253489969447}}