{"Mean":{"confidence_interval":{"confidence_level":0.95,"lower_bound":7941.260521245986,"upper_bound":8002.292275086154},"point_estimate":7971.734812269994,"standard_error":15.601793167086488},"Median":{"confidence_interval":{"confidence_level":0.95,"lower_bound":7927.843513257576,"upper_bound":8014.689583333334},"point_estimate":7966.369609279609,"standard_error":22.69954686344},"MedianAbsDev":{"confidence_interval":{"confidence_level":0.95,"lower_bound":110.50048627755878,"upper_bound":191.78103093458208},"point_estimate":160.40876369063724,"standard_error":21.04416906471082},"Slope":{"confidence_interval":{"confidence_level":0.95,"lower_bound":7944.78886430383,"upper_bound":8009.597727349982},"point_estimate":7978.057142308261,"standard_error":16.54697596237857},"StdDev":{"confidence_interval":{"confidence_level":0.95,"lower_bound":132.6873863390048,"upper_bound":178.8816313624822},"point_estimate":156.4491771566646,"standard_error":11.833663061292416}}