{"Mean":{"confidence_interval":{"confidence_level":0.95,"lower_bound":0.003726073033797685,"upper_bound":0.027671234769223677},"point_estimate":0.015378360772079658,"standard_error":0.006097215408351388},"Median":{"confidence_interval":{"confidence_level":0.95,"lower_bound":-0.002940664366083423,"upper_bound":0.016029377704452546},"point_estimate":0.007361007086098548,"standard_error":0.004713362080387137}}