{"Mean":{"confidence_interval":{"confidence_level":0.95,"lower_bound":-0.016265566531556884,"upper_bound":0.002135225960737779},"point_estimate":-0.007046260176253427,"standard_error":0.004691194772716176},"Median":{"confidence_interval":{"confidence_level":0.95,"lower_bound":-0.009329986694228798,"upper_bound":0.00661050993553336},"point_estimate":-0.001419290965817499,"standard_error":0.003960633582737387}}