{"Mean":{"confidence_interval":{"confidence_level":0.95,"lower_bound":-0.015473472926580316,"upper_bound":0.013137939163656366},"point_estimate":-0.0010975555474750376,"standard_error":0.007312904555749506},"Median":{"confidence_interval":{"confidence_level":0.95,"lower_bound":-0.0080713629327064,"upper_bound":0.021526551025732976},"point_estimate":0.005227638386074318,"standard_error":0.0075507254404216335}}