{"Mean":{"confidence_interval":{"confidence_level":0.95,"lower_bound":120443.6401124942,"upper_bound":121959.06449095326},"point_estimate":121168.79215253804,"standard_error":386.08380808516023},"Median":{"confidence_interval":{"confidence_level":0.95,"lower_bound":120468.79939516129,"upper_bound":121816.46153846153},"point_estimate":120877.77875329237,"standard_error":340.06018129168643},"MedianAbsDev":{"confidence_interval":{"confidence_level":0.95,"lower_bound":2091.47055555876,"upper_bound":3618.803122720338},"point_estimate":2754.6160360957824,"standard_error":381.2316281161556},"Slope":{"confidence_interval":{"confidence_level":0.95,"lower_bound":119805.23458378848,"upper_bound":121326.76791874571},"point_estimate":120560.24209103,"standard_error":388.875040528787},"StdDev":{"confidence_interval":{"confidence_level":0.95,"lower_bound":2797.7290400411357,"upper_bound":5119.254274491271},"point_estimate":3894.1875346964084,"standard_error":623.9102193112863}}