{"Mean":{"confidence_interval":{"confidence_level":0.95,"lower_bound":0.024328700209856557,"upper_bound":0.05129299774366284},"point_estimate":0.037895626575007,"standard_error":0.006873485332423745},"Median":{"confidence_interval":{"confidence_level":0.95,"lower_bound":0.02458388565754155,"upper_bound":0.05690832145832969},"point_estimate":0.03883904234123903,"standard_error":0.008485573292431292}}