{"Mean":{"confidence_interval":{"confidence_level":0.95,"lower_bound":0.05770757307066012,"upper_bound":0.08184095265787197},"point_estimate":0.07037994669692882,"standard_error":0.006152035907181007},"Median":{"confidence_interval":{"confidence_level":0.95,"lower_bound":0.0688960064596642,"upper_bound":0.08878149385617329},"point_estimate":0.07841589933856108,"standard_error":0.0046392214269171525}}