{"Mean":{"confidence_interval":{"confidence_level":0.95,"lower_bound":-0.02944004354696046,"upper_bound":-0.011229868898466378},"point_estimate":-0.020702658328497048,"standard_error":0.0046146821370388865},"Median":{"confidence_interval":{"confidence_level":0.95,"lower_bound":-0.030694862976599287,"upper_bound":-0.015152965931751972},"point_estimate":-0.023220481763266076,"standard_error":0.004011875805069564}}