{"Mean":{"confidence_interval":{"confidence_level":0.95,"lower_bound":5369.466438548244,"upper_bound":5418.0057388410805},"point_estimate":5394.430702010876,"standard_error":12.357881833731307},"Median":{"confidence_interval":{"confidence_level":0.95,"lower_bound":5371.6707972878185,"upper_bound":5440.701439405665},"point_estimate":5409.580211165141,"standard_error":18.620237183977732},"MedianAbsDev":{"confidence_interval":{"confidence_level":0.95,"lower_bound":90.21911011921715,"upper_bound":135.93871823580517},"point_estimate":113.37769234218838,"standard_error":11.525194946492348},"Slope":{"confidence_interval":{"confidence_level":0.95,"lower_bound":5375.958945863669,"upper_bound":5421.95664222248},"point_estimate":5399.049763639641,"standard_error":11.77502261437743},"StdDev":{"confidence_interval":{"confidence_level":0.95,"lower_bound":95.91717681202078,"upper_bound":151.369405741369},"point_estimate":124.28848958110386,"standard_error":14.265522010802943}}