{"Mean":{"confidence_interval":{"confidence_level":0.95,"lower_bound":2643.714362788873,"upper_bound":2668.973398323516},"point_estimate":2656.6885996794176,"standard_error":6.4371476642193635},"Median":{"confidence_interval":{"confidence_level":0.95,"lower_bound":2647.3198082010585,"upper_bound":2673.7518100807574},"point_estimate":2656.7423173534285,"standard_error":7.399745311441082},"MedianAbsDev":{"confidence_interval":{"confidence_level":0.95,"lower_bound":40.793599642751644,"upper_bound":64.95082850639075},"point_estimate":53.576874752523956,"standard_error":6.129814969287447},"Slope":{"confidence_interval":{"confidence_level":0.95,"lower_bound":2642.7696617934075,"upper_bound":2664.212235785593},"point_estimate":2653.4733805590936,"standard_error":5.47794323525775},"StdDev":{"confidence_interval":{"confidence_level":0.95,"lower_bound":48.682671318020276,"upper_bound":82.83456590510217},"point_estimate":64.72029048777304,"standard_error":9.036883009736814}}