{"Mean":{"confidence_interval":{"confidence_level":0.95,"lower_bound":33812.17082019022,"upper_bound":34105.125492296815},"point_estimate":33959.43480328056,"standard_error":74.69676730221842},"Median":{"confidence_interval":{"confidence_level":0.95,"lower_bound":33856.25462962963,"upper_bound":34091.17966751918},"point_estimate":33991.02587837838,"standard_error":63.80565466908559},"MedianAbsDev":{"confidence_interval":{"confidence_level":0.95,"lower_bound":420.9336226646852,"upper_bound":814.093876535583},"point_estimate":606.2509850332528,"standard_error":102.047454684398},"Slope":{"confidence_interval":{"confidence_level":0.95,"lower_bound":33805.32307502347,"upper_bound":34051.73523066956},"point_estimate":33926.85086836855,"standard_error":62.82892123063408},"StdDev":{"confidence_interval":{"confidence_level":0.95,"lower_bound":623.7991763094067,"upper_bound":864.798170195781},"point_estimate":750.0551148868798,"standard_error":61.4723411282599}}