{"Mean":{"confidence_interval":{"confidence_level":0.95,"lower_bound":60672.59761351063,"upper_bound":61090.86172000342},"point_estimate":60883.3742881909,"standard_error":106.46321234103748},"Median":{"confidence_interval":{"confidence_level":0.95,"lower_bound":60689.17784059378,"upper_bound":61328.4},"point_estimate":60993.67761479592,"standard_error":175.39413932895565},"MedianAbsDev":{"confidence_interval":{"confidence_level":0.95,"lower_bound":849.2073739309078,"upper_bound":1389.8572349718402},"point_estimate":1109.9024198407462,"standard_error":136.89147355895378},"Slope":{"confidence_interval":{"confidence_level":0.95,"lower_bound":60311.74361567493,"upper_bound":60762.32570388506},"point_estimate":60537.9173621989,"standard_error":114.83640088989405},"StdDev":{"confidence_interval":{"confidence_level":0.95,"lower_bound":941.0284819535425,"upper_bound":1194.8844620606862},"point_estimate":1074.6178237518875,"standard_error":64.68247663344279}}