{"Mean":{"confidence_interval":{"confidence_level":0.95,"lower_bound":60212.604390595865,"upper_bound":60643.105399004766},"point_estimate":60432.49873279395,"standard_error":110.01718788379421},"Median":{"confidence_interval":{"confidence_level":0.95,"lower_bound":60317.12,"upper_bound":60704.426666666666},"point_estimate":60461.014255218215,"standard_error":106.200984347533},"MedianAbsDev":{"confidence_interval":{"confidence_level":0.95,"lower_bound":772.9693003812214,"upper_bound":1194.1548537995118},"point_estimate":1038.686602292837,"standard_error":107.93788018668462},"Slope":{"confidence_interval":{"confidence_level":0.95,"lower_bound":60196.56133886289,"upper_bound":60607.638041122875},"point_estimate":60408.29011304862,"standard_error":105.38334188929304},"StdDev":{"confidence_interval":{"confidence_level":0.95,"lower_bound":895.938226549656,"upper_bound":1301.7038089913735},"point_estimate":1105.80068675739,"standard_error":103.5976651747493}}