{"Mean":{"confidence_interval":{"confidence_level":0.95,"lower_bound":142247.30680631366,"upper_bound":143296.70733926326},"point_estimate":142775.88510479956,"standard_error":267.44834739773205},"Median":{"confidence_interval":{"confidence_level":0.95,"lower_bound":142342.33846153846,"upper_bound":143757.49047619046},"point_estimate":143107.09185185184,"standard_error":319.58968709144534},"MedianAbsDev":{"confidence_interval":{"confidence_level":0.95,"lower_bound":1704.6152803001778,"upper_bound":2998.7085136663636},"point_estimate":2371.704988832107,"standard_error":331.50777223825054},"Slope":{"confidence_interval":{"confidence_level":0.95,"lower_bound":142352.2177610205,"upper_bound":143375.52636935236},"point_estimate":142887.65666568148,"standard_error":260.9280937442072},"StdDev":{"confidence_interval":{"confidence_level":0.95,"lower_bound":2250.433782033008,"upper_bound":3085.7493775363255},"point_estimate":2688.714787878295,"standard_error":213.40082448101495}}