{"Mean":{"confidence_interval":{"confidence_level":0.95,"lower_bound":30059.529544698493,"upper_bound":30304.900083429515},"point_estimate":30184.541355039706,"standard_error":62.69317439007794},"Median":{"confidence_interval":{"confidence_level":0.95,"lower_bound":30056.65294117647,"upper_bound":30433.49725838952},"point_estimate":30238.138280893752,"standard_error":99.74204681468647},"MedianAbsDev":{"confidence_interval":{"confidence_level":0.95,"lower_bound":470.05562224308323,"upper_bound":718.1755409497633},"point_estimate":624.6038992051805,"standard_error":62.93178353637713},"Slope":{"confidence_interval":{"confidence_level":0.95,"lower_bound":30118.18940367659,"upper_bound":30353.22983504709},"point_estimate":30235.75651718113,"standard_error":59.87480903498094},"StdDev":{"confidence_interval":{"confidence_level":0.95,"lower_bound":522.2478874399371,"upper_bound":725.0399323629575},"point_estimate":627.990432362374,"standard_error":51.60022934237162}}