{"Mean":{"confidence_interval":{"confidence_level":0.95,"lower_bound":55336.4313829635,"upper_bound":56099.6281960421},"point_estimate":55707.64936823065,"standard_error":194.71522621900905},"Median":{"confidence_interval":{"confidence_level":0.95,"lower_bound":54869.07692307692,"upper_bound":55689.613698630135},"point_estimate":55180.18794421952,"standard_error":213.05346792052987},"MedianAbsDev":{"confidence_interval":{"confidence_level":0.95,"lower_bound":1068.0521718382831,"upper_bound":1985.991438728534},"point_estimate":1298.6321528716358,"standard_error":233.7741196367477},"Slope":{"confidence_interval":{"confidence_level":0.95,"lower_bound":54911.392190920385,"upper_bound":55912.89836709526},"point_estimate":55385.85705847003,"standard_error":256.53493762468116},"StdDev":{"confidence_interval":{"confidence_level":0.95,"lower_bound":1631.2087279819914,"upper_bound":2248.7395077340275},"point_estimate":1969.2112031653878,"standard_error":157.88718616179614}}